UTC,Seconds,"Eclipse Effect
(Hz)"
19:41:02.906,70862.906,0.04
,71002.0,0.436970325913562
20:41:04.904,74464.904,10.32
,74676.0,9.91086319412943
,76335.0,6.69546375056219
,76751.0,5.88919119569542
21:41:26.905,78086.905,3.3
